,Location,Price,Mileage,Published_Year,Model,Brand,Year,Price_Log
0,Bandaragama,5.0,39000,2024,Honda,Dio,2017,1.791759469228055
1,Gampaha,5.78,30000,2024,Honda,Dio,2018,1.9139771019523042
2,Matara,5.65,15250,2024,Honda,Dio,2017,1.8946168546677629
3,Anuradapura,5.35,44444,2024,Honda,Dio,2018,1.8484548129046001
5,Matara,5.92,34000,2024,Honda,Dio,2019,1.9344157696295783
6,Nawalapitiya,4.3,33000,2024,Honda,Dio,2015,1.667706820558076
7,Kurunegala,4.99,27000,2024,Honda,Dio,2018,1.7900914121273581
9,Nawalapitiya,5.3,28000,2024,Honda,Dio,2018,1.840549633397487
10,Colombo,3.75,45,2024,Honda,Dio,2015,1.55814461804655
11,Kandy,5.35,39600,2024,Honda,Dio,2018,1.8484548129046001
15,Negombo,4.45,60000,2024,Honda,Dio,2016,1.6956156086751528
16,Gampaha,5.49,40000,2024,Honda,Dio,2019,1.8702625307159986
17,Kandy,5.85,32052,2024,Honda,Dio,2019,1.9242486522741338
19,Kalutara,3.47,39000,2024,Honda,Dio,2014,1.4973884086254776
20,Matale,3.77,38000,2024,Honda,Dio,2014,1.5623463049002497
22,Kandy,4.25,30810,2024,Honda,Dio,2015,1.6582280766035324
23,Ratnapura,5.07,29000,2024,Honda,Dio,2017,1.803358605071407
24,Kuliyapitiya,5.8,40000,2024,Honda,Dio,2019,1.916922612182061
26,Polonnaruwa,4.2,28000,2024,Honda,Dio,2015,1.6486586255873816
27,Anuradapura,5.95,25281,2024,Honda,Dio,2019,1.9387416595767009
28,Ratnapura,4.75,27150,2024,Honda,Dio,2017,1.749199854809259
29,Kurunegala,4.15,14600,2024,Honda,Dio,2015,1.6389967146756448
30,Kandy,5.5,30800,2024,Honda,Dio,2018,1.8718021769015913
32,Kandy,5.65,43000,2024,Honda,Dio,2018,1.8946168546677629
34,Kandy,4.05,48000,2024,Honda,Dio,2015,1.6193882432872684
36,Kandy,4.25,48000,2024,Honda,Dio,2015,1.6582280766035324
37,Dehiwala-Mount-Lavinia,4.78,38000,2024,Honda,Dio,2017,1.7544036826842861
38,Kandy,4.45,1000,2024,Honda,Dio,2017,1.6956156086751528
39,Gampaha,5.75,32000,2024,Honda,Dio,2018,1.9095425048844386
40,Kandy,3.35,35000,2024,Honda,Dio,2012,1.4701758451005926
43,Negombo,3.85,28000,2024,Honda,Dio,2014,1.5789787049493917
44,Kurunegala,5.55,21000,2024,Honda,Dio,2019,1.8794650496471605
48,Kalutara,3.28,41000,2024,Honda,Dio,2012,1.4539530095937052
50,Negombo,4.55,25500,2024,Honda,Dio,2016,1.713797927758343
52,Matugama,2.6,11000,2024,Honda,Dio,2012,1.2809338454620642
55,Matara,4.33,28,2024,Honda,Dio,2016,1.673351238177753
56,Mirigama,6.0,38000,2024,Honda,Dio,2018,1.9459101490553132
61,Kurunegala,5.1,52323,2024,Honda,Dio,2017,1.8082887711792655
65,Kuliyapitiya,4.25,50000,2024,Honda,Dio,2015,1.6582280766035324
67,Chilaw,4.45,60000,2024,Honda,Dio,2016,1.6956156086751528
73,Kadawatha,6.9,28000,2024,Honda,Dio,2020,2.066862759472976
74,Kurunegala,3.58,36650,2024,Honda,Dio,2012,1.5216989981260935
76,Anuradapura,4.38,40000,2024,Honda,Dio,2017,1.682688374173693
77,Wennappuwa,4.65,43000,2024,Honda,Dio,2016,1.7316555451583497
80,Kurunegala,5.95,66000,2024,Honda,Dio,2019,1.9387416595767009
81,Mannar,4.75,46000,2024,Honda,Dio,2017,1.749199854809259
82,Mannar,5.15,29000,2024,Honda,Dio,2018,1.8164520818184267
83,Puttalam,6.25,21000,2024,Honda,Dio,2019,1.9810014688665833
85,Wennappuwa,4.58,23500,2024,Honda,Dio,2016,1.7191887763932197
86,Galle,6.35,34500,2024,Honda,Dio,2018,1.9947003132247452
88,Matara,3.28,35263,2024,Honda,Dio,2012,1.4539530095937052
89,Polgahawela,4.45,42000,2024,Honda,Dio,2016,1.6956156086751528
90,Gampaha,4.75,48523,2024,Honda,Dio,2016,1.749199854809259
91,Matara,5.65,40,2024,Honda,Dio,2019,1.8946168546677629
92,Badulla,4.4,32000,2024,Honda,Dio,2016,1.6863989535702288
93,Kurunegala,4.4,52458,2024,Honda,Dio,2014,1.6863989535702288
94,Dompe,3.87,36000,2024,Honda,Dio,2015,1.5830939370944985
95,Piliyandala,5.95,23000,2024,Honda,Dio,2018,1.9387416595767009
97,Kandy,4.15,38000,2024,Honda,Dio,2015,1.6389967146756448
102,Gampaha,4.5,37000,2024,Honda,Dio,2015,1.7047480922384253
104,Kurunegala,5.5,56000,2024,Honda,Dio,2019,1.8718021769015913
105,Malabe,3.55,50000,2024,Honda,Dio,2013,1.5151272329628591
107,Kuliyapitiya,4.0,99999,2024,Honda,Dio,2013,1.6094379124341003
109,Kandy,5.8,23000,2024,Honda,Dio,2018,1.916922612182061
110,Matale,5.87,63000,2024,Honda,Dio,2018,1.927164106234258
111,Kegalle,4.5,23442,2024,Honda,Dio,2017,1.7047480922384253
112,Matale,5.75,25000,2024,Honda,Dio,2018,1.9095425048844386
114,Kaduwela,4.6,58000,2024,Honda,Dio,2017,1.7227665977411035
115,Kalawana,4.7,40000,2024,Honda,Dio,2017,1.7404661748405046
116,Mawanella,4.15,75000,2024,Honda,Dio,2015,1.6389967146756448
117,Kurunegala,4.55,44315,2024,Honda,Dio,2016,1.713797927758343
119,Puttalam,5.3,43000,2024,Honda,Dio,2018,1.840549633397487
121,Kegalle,1.85,37000,2024,Honda,Dio,2011,1.0473189942805592
122,Minuwangoda,4.45,50000,2024,Honda,Dio,2017,1.6956156086751528
123,Nittambuwa,4.3,31000,2024,Honda,Dio,2016,1.667706820558076
124,Galle,5.25,30000,2024,Honda,Dio,2017,1.8325814637483102
126,Gampaha,6.8,27000,2024,Honda,Dio,2020,2.0541237336955462
127,Matara,4.38,43000,2024,Honda,Dio,2016,1.682688374173693
129,Gampaha,5.9,47000,2024,Honda,Dio,2019,1.9315214116032138
130,Anuradapura,4.05,45500,2024,Honda,Dio,2015,1.6193882432872684
131,Colombo,4.15,58310,2024,Honda,Dio,2015,1.6389967146756448
132,Negombo,2.24,1111,2024,Honda,Dio,2012,1.1755733298042381
133,Anuradapura,5.33,25000,2024,Honda,Dio,2018,1.8453002361560848
134,Hambantota,5.9,19669,2024,Honda,Dio,2019,1.9315214116032138
136,Hambantota,4.65,23193,2024,Honda,Dio,2016,1.7316555451583497
137,Gampaha,3.95,42000,2024,Honda,Dio,2015,1.599387576580599
138,Weligama,4.45,31000,2024,Honda,Dio,2016,1.6956156086751528
140,Kandy,5.3,32000,2024,Honda,Dio,2018,1.840549633397487
141,Elpitiya,6.95,17900,2024,Honda,Dio,2020,2.0731719286662407
142,Ambalangoda,3.4,37452,2024,Honda,Dio,2012,1.4816045409242156
145,Tangalle,4.25,86000,2024,Honda,Dio,2015,1.6582280766035324
146,Kurunegala,5.1,49000,2024,Honda,Dio,2017,1.8082887711792655
147,Kuliyapitiya,5.35,27500,2024,Honda,Dio,2018,1.8484548129046001
148,Gampaha,5.9,33000,2024,Honda,Dio,2019,1.9315214116032138
149,Kurunegala,5.1,27000,2024,Honda,Dio,2018,1.8082887711792655
150,Galle,3.53,30000,2024,Honda,Dio,2014,1.5107219394949425
151,Divulapitiya,5.5,18000,2024,Honda,Dio,2018,1.8718021769015913
152,Gampola,5.6,18000,2024,Honda,Dio,2018,1.8870696490323797
153,Padukka,6.1,50000,2024,Honda,Dio,2018,1.9600947840472698
155,Anuradapura,5.45,16000,2024,Honda,Dio,2017,1.864080130807681
156,Colombo,3.5,40500,2024,Honda,Dio,2013,1.5040773967762742
157,Negombo,3.85,28000,2024,Honda,Dio,2014,1.5789787049493917
160,Mirigama,6.1,35000,2024,Honda,Dio,2018,1.9600947840472698
161,Puttalam,5.15,49000,2024,Honda,Dio,2017,1.8164520818184267
162,Kandy,5.45,34000,2024,Honda,Dio,2018,1.864080130807681
163,Matara,5.65,28574,2024,Honda,Dio,2019,1.8946168546677629
164,Kuliyapitiya,3.9,50000,2024,Honda,Dio,2014,1.589235205116581
165,Galle,4.5,22564,2024,Honda,Dio,2016,1.7047480922384253
166,Galle,4.3,25567,2024,Honda,Dio,2015,1.667706820558076
168,Chilaw,4.0,15000,2024,Honda,Dio,2014,1.6094379124341003
169,Minuwangoda,5.85,35000,2024,Honda,Dio,2018,1.9242486522741338
170,Minuwangoda,4.85,35000,2024,Honda,Dio,2017,1.766441661243765
171,Minuwangoda,3.6,35000,2024,Honda,Dio,2012,1.5260563034950492
175,Galle,5.4,33800,2024,Honda,Dio,2017,1.8562979903656263
176,Matara,5.95,39000,2024,Honda,Dio,2020,1.9387416595767009
180,Kottawa,5.45,47000,2024,Honda,Dio,2018,1.864080130807681
182,Polonnaruwa,3.75,50000,2024,Honda,Dio,2014,1.55814461804655
183,Kegalle,4.68,36400,2024,Honda,Dio,2017,1.7369512327330598
184,Matara,4.1,7000,2024,Honda,Dio,2016,1.62924053973028
186,Kandy,4.4,35000,2024,Honda,Dio,2016,1.6863989535702288
188,Matara,4.15,40000,2024,Honda,Dio,2014,1.6389967146756448
189,Tangalle,4.9,23580,2024,Honda,Dio,2016,1.7749523509116738
190,Matara,6.2,27000,2024,Honda,Dio,2019,1.9740810260220096
192,Kuliyapitiya,5.9,15000,2024,Honda,Dio,2023,1.9315214116032138
195,Polgahawela,6.5,24000,2024,Honda,Dio,2018,2.0149030205422647
197,Kurunegala,3.75,38000,2024,Honda,Dio,2014,1.55814461804655
198,Kadawatha,4.3,31000,2024,Honda,Dio,2015,1.667706820558076
199,Kurunegala,4.25,39500,2024,Honda,Dio,2016,1.6582280766035324
200,Kuliyapitiya,2.25,65200,2024,Honda,Dio,2012,1.1786549963416462
201,Dompe,4.77,42269,2024,Honda,Dio,2017,1.7526720805200082
202,Kandy,5.4,50000,2024,Honda,Dio,2018,1.8562979903656263
204,Ratnapura,5.35,28800,2024,Honda,Dio,2018,1.8484548129046001
206,Kelaniya,3.48,44291,2024,Honda,Dio,2013,1.4996230464268938
212,Kurunegala,4.25,29410,2024,Honda,Dio,2015,1.6582280766035324
213,Puttalam,6.15,21000,2024,Honda,Dio,2019,1.9671123567059163
217,Matugama,5.55,32000,2024,Honda,Dio,2018,1.8794650496471605
219,Kandy,4.4,25000,2024,Honda,Dio,2014,1.6863989535702288
221,Matale,4.65,51000,2024,Honda,Dio,2017,1.7316555451583497
223,Panadura,5.85,39000,2024,Honda,Dio,2019,1.9242486522741338
226,Malabe,6.1,19652,2024,Honda,Dio,2019,1.9600947840472698
230,Kurunegala,5.3,33000,2024,Honda,Dio,2018,1.840549633397487
231,Kandy,4.45,31000,2024,Honda,Dio,2016,1.6956156086751528
234,Matara,5.15,32200,2024,Honda,Dio,2017,1.8164520818184267
235,Gampaha,6.15,23154,2024,Honda,Dio,2019,1.9671123567059163
238,Gampaha,3.5,35000,2024,Honda,Dio,2013,1.5040773967762742
242,Embilipitiya,5.15,40000,2024,Honda,Dio,2017,1.8164520818184267
245,Kegalle,4.0,48000,2024,Honda,Dio,2014,1.6094379124341003
246,Kandy,5.5,30000,2024,Honda,Dio,2018,1.8718021769015913
247,Kurunegala,5.2,43980,2024,Honda,Dio,2017,1.824549292051046
248,Horana,5.9,42597,2024,Honda,Dio,2018,1.9315214116032138
250,Colombo,4.45,25000,2024,Honda,Dio,2017,1.6956156086751528
251,Matara,2.35,75680,2024,Honda,Dio,2012,1.208960345836975
252,Moneragala,4.35,1,2024,Honda,Dio,2016,1.6770965609079151
253,Polonnaruwa,4.55,40000,2024,Honda,Dio,2016,1.713797927758343
254,Kurunegala,4.15,30270,2024,Honda,Dio,2014,1.6389967146756448
255,Gampaha,4.8,25000,2024,Honda,Dio,2017,1.7578579175523736
258,Gampaha,3.55,33000,2024,Honda,Dio,2013,1.5151272329628591
259,Gampaha,4.44,29900,2024,Honda,Dio,2016,1.6937790608678513
260,Kaduwela,4.25,62451,2024,Honda,Dio,2015,1.6582280766035324
261,Colombo,5.9,51000,2024,Honda,Dio,2019,1.9315214116032138
262,Galle,4.0,35000,2024,Honda,Dio,2014,1.6094379124341003
266,Ja-Ela,4.05,52800,2024,Honda,Dio,2013,1.6193882432872684
267,Dehiwala-Mount-Lavinia,4.55,35000,2024,Honda,Dio,2016,1.713797927758343
268,Kottawa,5.45,110,2024,Honda,Dio,2018,1.864080130807681
273,Kurunegala,4.45,37000,2024,Honda,Dio,2016,1.6956156086751528
274,Wattala,4.69,32000,2024,Honda,Dio,2017,1.7387102481382397
275,Welimada,4.65,41000,2024,Honda,Dio,2016,1.7316555451583497
277,Piliyandala,5.95,23000,2024,Honda,Dio,2018,1.9387416595767009
279,Galle,3.55,25000,2024,Honda,Dio,2014,1.5151272329628591
281,Mahiyanganaya,6.35,35000,2024,Honda,Dio,2019,1.9947003132247452
282,Kalutara,4.35,55555,2024,Honda,Dio,2016,1.6770965609079151
285,Moratuwa,4.99,32000,2024,Honda,Dio,2017,1.7900914121273581
286,Wennappuwa,5.5,65121,2024,Honda,Dio,2018,1.8718021769015913
287,Puttalam,5.755,32580,2024,Honda,Dio,2018,1.910282971412162
289,Kaduwela,5.58,23490,2024,Honda,Dio,2018,1.884034745337226
290,Matara,6.25,53154,2024,Honda,Dio,2020,1.9810014688665833
292,Moneragala,4.18,35000,2024,Honda,Dio,2015,1.6448050562713916
293,Ragama,5.65,23500,2024,Honda,Dio,2019,1.8946168546677629
296,Kandy,4.45,2500,2024,Honda,Dio,2016,1.6956156086751528
297,Marawila,5.25,40000,2024,Honda,Dio,2017,1.8325814637483102
298,Kottawa,5.48,26500,2024,Honda,Dio,2018,1.8687205103641833
299,Galle,5.4,35265,2024,Honda,Dio,2018,1.8562979903656263
300,Galle,5.98,25845,2024,Honda,Dio,2019,1.9430489167742813
306,Dehiwala-Mount-Lavinia,4.95,27000,2024,Honda,Dio,2017,1.7833912195575383
308,Anuradapura,4.35,50472,2024,Honda,Dio,2016,1.6770965609079151
309,Kandana,4.65,19000,2024,Honda,Dio,2017,1.7316555451583497
314,Kandy,5.4,47000,2024,Honda,Dio,2018,1.8562979903656263
318,Kurunegala,4.95,35000,2024,Honda,Dio,2018,1.7833912195575383
319,Matara,1.85,85000,2024,Honda,Dio,2010,1.0473189942805592
321,Maharagama,5.05,56000,2024,Honda,Dio,2017,1.80005827204275
323,Anuradapura,4.28,41000,2024,Honda,Dio,2015,1.6639260977181702
324,Kuliyapitiya,5.35,38431,2024,Honda,Dio,2018,1.8484548129046001
331,Kalutara,4.0,55000,2024,Honda,Dio,2015,1.6094379124341003
335,Matara,4.9,36000,2024,Honda,Dio,2018,1.7749523509116738
336,Kalmunai,4.55,25000,2024,Honda,Dio,2015,1.713797927758343
337,Polgahawela,6.2,35000,2024,Honda,Dio,2020,1.9740810260220096
339,Galle,4.5,25000,2024,Honda,Dio,2016,1.7047480922384253
340,Anuradapura,5.35,26000,2024,Honda,Dio,2018,1.8484548129046001
345,Colombo,4.45,25000,2024,Honda,Dio,2017,1.6956156086751528
351,Wennappuwa,6.75,25000,2024,Honda,Dio,2020,2.0476928433652555
353,Gampola,4.45,45000,2024,Honda,Dio,2016,1.6956156086751528
354,Chilaw,4.1,48486,2024,Honda,Dio,2015,1.62924053973028
358,Chilaw,5.53,18000,2024,Honda,Dio,2018,1.8764069432883397
362,Matugama,5.58,38000,2024,Honda,Dio,2018,1.884034745337226
367,Trincomalee,6.2,30000,2024,Honda,Dio,2019,1.9740810260220096
368,Gampaha,4.2,31800,2024,Honda,Dio,2015,1.6486586255873816
369,Kalutara,5.15,41000,2024,Honda,Dio,2017,1.8164520818184267
373,Wennappuwa,4.7,43800,2024,Honda,Dio,2016,1.7404661748405046
375,Kandy,5.4,50000,2024,Honda,Dio,2018,1.8562979903656263
376,Galle,3.95,29662,2024,Honda,Dio,2014,1.599387576580599
377,Gampaha,1.85,23152,2024,Honda,Dio,2019,1.0473189942805592
380,Badulla,4.5,29000,2024,Honda,Dio,2017,1.7047480922384253
384,Horana,5.82,41000,2024,Honda,Dio,2019,1.9198594718553708
385,Galle,4.3,37000,2024,Honda,Dio,2016,1.667706820558076
386,Horana,5.82,20000,2024,Honda,Dio,2019,1.9198594718553708
389,Kurunegala,4.45,42588,2024,Honda,Dio,2017,1.6956156086751528
390,Kandy,4.8,79000,2024,Honda,Dio,2016,1.7578579175523736
392,Bandaragama,3.8,14500,2024,Honda,Dio,2014,1.5686159179138452
399,Kurunegala,4.38,48500,2024,Honda,Dio,2016,1.682688374173693
403,Polonnaruwa,4.7,23000,2024,Honda,Dio,2017,1.7404661748405046
405,Balangoda,1.45,52,2024,Honda,Dio,2011,0.8960880245566356
407,Kurunegala,5.7,54400,2024,Honda,Dio,2019,1.9021075263969205
408,Galle,4.35,28000,2024,Honda,Dio,2015,1.6770965609079151
409,Kandy,4.8,37000,2024,Honda,Dio,2017,1.7578579175523736
411,Anuradapura,5.05,49090,2024,Honda,Dio,2017,1.80005827204275
415,Hambantota,2.35,46000,2024,Honda,Dio,2012,1.208960345836975
416,Horana,4.7,16395,2024,Honda,Dio,2017,1.7404661748405046
417,Kandy,3.88,29000,2024,Honda,Dio,2013,1.5851452198650557
420,Gampaha,4.4,25000,2024,Honda,Dio,2015,1.6863989535702288
424,Dehiwala-Mount-Lavinia,4.35,31000,2024,Honda,Dio,2016,1.6770965609079151
428,Panadura,5.75,24000,2024,Honda,Dio,2018,1.9095425048844386
430,Puttalam,2.15,55000,2024,Honda,Dio,2011,1.1474024528375417
431,Piliyandala,3.85,11500,2024,Honda,Dio,2015,1.5789787049493917
432,Kurunegala,3.5,50000,2024,Honda,Dio,2013,1.5040773967762742
433,Gampaha,4.15,10175,2024,Honda,Dio,2014,1.6389967146756448
440,Kandy,5.65,20875,2024,Honda,Dio,2019,1.8946168546677629
441,Ratnapura,6.15,33150,2024,Honda,Dio,2019,1.9671123567059163
443,Kuliyapitiya,5.8,41000,2024,Honda,Dio,2018,1.916922612182061
445,Negombo,4.5,49500,2024,Honda,Dio,2016,1.7047480922384253
446,Wennappuwa,2.0,60000,2024,Honda,Dio,2011,1.0986122886681098
449,Trincomalee,4.85,46000,2024,Honda,Dio,2016,1.766441661243765
451,Kottawa,4.85,47000,2024,Honda,Dio,2017,1.766441661243765
452,Kurunegala,3.25,35000,2024,Honda,Dio,2012,1.4469189829363254
453,Katunayake,4.55,37357,2024,Honda,Dio,2015,1.713797927758343
454,Kandy,5.75,20542,2024,Honda,Dio,2019,1.9095425048844386
465,Chilaw,1.85,56836,2024,Honda,Dio,2010,1.0473189942805592
466,Kandy,4.5,42000,2024,Honda,Dio,2016,1.7047480922384253
467,Matara,3.9,23500,2024,Honda,Dio,2014,1.589235205116581
468,Kottawa,5.75,21630,2024,Honda,Dio,2019,1.9095425048844386
469,Malabe,5.85,19652,2024,Honda,Dio,2019,1.9242486522741338
471,Anuradapura,3.58,38879,2024,Honda,Dio,2014,1.5216989981260935
472,Kalutara,4.35,35000,2024,Honda,Dio,2016,1.6770965609079151
474,Nittambuwa,3.65,45000,2024,Honda,Dio,2013,1.536867219599265
476,Moneragala,4.9,54000,2024,Honda,Dio,2017,1.7749523509116738
477,Chilaw,5.47,20000,2024,Honda,Dio,2018,1.8671761085128091
479,Anuradapura,4.3,12645,2024,Honda,Dio,2015,1.667706820558076
481,Kandy,3.85,35646,2024,Honda,Dio,2014,1.5789787049493917
482,Kandy,5.75,20546,2024,Honda,Dio,2019,1.9095425048844386
488,Matara,2.78,59000,2024,Honda,Dio,2011,1.3297240096314962
489,Kadawatha,5.89,26524,2024,Honda,Dio,2019,1.9300710850255671
490,Kurunegala,5.05,28780,2024,Honda,Dio,2017,1.80005827204275
491,Kurunegala,5.65,24330,2024,Honda,Dio,2019,1.8946168546677629
492,Galle,5.35,40500,2024,Honda,Dio,2017,1.8484548129046001
493,Colombo,4.35,37000,2024,Honda,Dio,2016,1.6770965609079151
494,Ambalangoda,5.75,32000,2024,Honda,Dio,2018,1.9095425048844386
496,Kalutara,6.0,22000,2024,Honda,Dio,2019,1.9459101490553132
498,Matugama,3.95,37400,2024,Honda,Dio,2014,1.599387576580599
499,Matara,4.6,60000,2024,Honda,Dio,2017,1.7227665977411035
501,Nawalapitiya,5.85,35000,2024,Honda,Dio,2019,1.9242486522741338
503,Gampaha,5.38,49000,2024,Honda,Dio,2018,1.8531680973566984
507,Kuliyapitiya,1.75,88888,2024,Honda,Dio,2010,1.0116009116784799
508,Gampaha,4.92,50000,2024,Honda,Dio,2017,1.7783364488959144
509,Wennappuwa,5.15,29523,2024,Honda,Dio,2017,1.8164520818184267
511,Wennappuwa,4.25,46000,2024,Honda,Dio,2015,1.6582280766035324
512,Wennappuwa,3.85,25123,2024,Honda,Dio,2014,1.5789787049493917
513,Balangoda,1.5,56,2024,Honda,Dio,2010,0.9162907318741551
514,Kegalle,4.1,70000,2024,Honda,Dio,2015,1.62924053973028
515,Gampaha,3.9,20000,2024,Honda,Dio,2014,1.589235205116581
516,Gampaha,3.1,40880,2024,Honda,Dio,2013,1.410986973710262
517,Gampaha,4.98,19200,2024,Honda,Dio,2017,1.7884205679625405
518,Dambulla,6.48,29000,2024,Honda,Dio,2020,2.012232791986386
520,Malabe,1.38,28652,2024,Honda,Dio,2017,0.8671004876833833
522,Polonnaruwa,4.4,42000,2024,Honda,Dio,2016,1.6863989535702288
524,Anuradapura,4.28,41000,2024,Honda,Dio,2015,1.6639260977181702
526,Mawanella,6.25,13800,2024,Honda,Dio,2019,1.9810014688665833
527,Kegalle,6.3,29000,2024,Honda,Dio,2019,1.9878743481543455
528,Wattala,4.7,40000,2024,Honda,Dio,2017,1.7404661748405046
529,Divulapitiya,5.58,48498,2024,Honda,Dio,2018,1.884034745337226
531,Chilaw,6.32,14990,2024,Honda,Dio,2019,1.9906103279732201
532,Ratnapura,4.2,44500,2024,Honda,Dio,2015,1.6486586255873816
535,Kalutara,2.25,38800,2024,Honda,Dio,2011,1.1786549963416462
536,Kuliyapitiya,4.1,45000,2024,Honda,Dio,2013,1.62924053973028
537,Tangalle,5.25,32300,2024,Honda,Dio,2018,1.8325814637483102
538,Kandy,5.8,51900,2024,Honda,Dio,2019,1.916922612182061
539,Kalutara,4.35,35000,2024,Honda,Dio,2016,1.6770965609079151
540,Kurunegala,4.55,46000,2024,Honda,Dio,2016,1.713797927758343
541,Kaduwela,4.3,35900,2024,Honda,Dio,2016,1.667706820558076
542,Hambantota,4.15,30000,2024,Honda,Dio,2014,1.6389967146756448
543,Anuradapura,4.7,25000,2024,Honda,Dio,2017,1.7404661748405046
546,Ja-Ela,4.45,20000,2024,Honda,Dio,2016,1.6956156086751528
548,Matara,4.8,36186,2024,Honda,Dio,2017,1.7578579175523736
549,Moratuwa,5.85,30000,2024,Honda,Dio,2019,1.9242486522741338
550,Malabe,5.95,31503,2024,Honda,Dio,2019,1.9387416595767009
552,Hambantota,4.45,38000,2024,Honda,Dio,2016,1.6956156086751528
560,Ambalangoda,6.2,23500,2024,Honda,Dio,2019,1.9740810260220096
564,Galle,5.6,31587,2024,Honda,Dio,2018,1.8870696490323797
565,Galle,6.35,24587,2024,Honda,Dio,2019,1.9947003132247452
567,Malabe,5.25,19652,2024,Honda,Dio,2018,1.8325814637483102
569,Kandy,4.6,48000,2024,Honda,Dio,2017,1.7227665977411035
570,Galle,4.95,39000,2024,Honda,Dio,2016,1.7833912195575383
571,Anuradapura,4.9,29000,2024,Honda,Dio,2017,1.7749523509116738
573,Colombo,4.25,35000,2024,Honda,Dio,2015,1.6582280766035324
575,Anuradapura,6.25,42000,2024,Honda,Dio,2019,1.9810014688665833
580,Chilaw,3.85,49500,2024,Honda,Dio,2014,1.5789787049493917
583,Pannala,4.2,55,2024,Honda,Dio,2015,1.6486586255873816
584,Chilaw,5.42,17000,2024,Honda,Dio,2018,1.8594181177018698
585,Colombo,5.85,27000,2024,Honda,Dio,2019,1.9242486522741338
586,Chilaw,4.92,25000,2024,Honda,Dio,2017,1.7783364488959144
589,Embilipitiya,4.65,35933,2024,Honda,Dio,2017,1.7316555451583497
590,Anuradapura,5.35,25000,2024,Honda,Dio,2018,1.8484548129046001
592,Kurunegala,5.8,48000,2024,Honda,Dio,2019,1.916922612182061
595,Moneragala,4.6,36293,2024,Honda,Dio,2016,1.7227665977411035
596,Hambantota,6.75,20560,2024,Honda,Dio,2020,2.0476928433652555
597,Hambantota,5.7,51000,2024,Honda,Dio,2018,1.9021075263969205
598,Kaduwela,3.9,75000,2024,Honda,Dio,2015,1.589235205116581
602,Gampaha,5.35,34450,2024,Honda,Dio,2018,1.8484548129046001
607,Gampaha,1.6,70000,2024,Honda,Dio,2012,0.9555114450274363
609,Anuradapura,4.3,12500,2024,Honda,Dio,2015,1.667706820558076
610,Galle,4.5,25380,2024,Honda,Dio,2016,1.7047480922384253
613,Wennappuwa,4.5,62000,2024,Honda,Dio,2017,1.7047480922384253
614,Anuradapura,3.1,45000,2024,Honda,Dio,2012,1.410986973710262
615,Chilaw,5.8,48000,2024,Honda,Dio,2019,1.916922612182061
617,Kurunegala,3.25,25000,2024,Honda,Dio,2012,1.4469189829363254
618,Galle,4.9,35879,2024,Honda,Dio,2017,1.7749523509116738
619,Kalutara,4.35,45000,2024,Honda,Dio,2017,1.6770965609079151
620,Nugegoda,5.8,28000,2024,Honda,Dio,2018,1.916922612182061
621,Kurunegala,5.6,30000,2024,Honda,Dio,2018,1.8870696490323797
622,Kurunegala,5.25,45000,2024,Honda,Dio,2018,1.8325814637483102
624,Trincomalee,5.1,33000,2024,Honda,Dio,2017,1.8082887711792655
625,Anuradapura,4.18,54000,2024,Honda,Dio,2015,1.6448050562713916
626,Gampaha,5.35,29300,2024,Honda,Dio,2018,1.8484548129046001
633,Colombo,4.75,25000,2024,Honda,Dio,2017,1.749199854809259
634,Colombo,4.45,26845,2024,Honda,Dio,2016,1.6956156086751528
635,Wennappuwa,4.15,29523,2024,Honda,Dio,2015,1.6389967146756448
636,Matugama,4.3,45000,2024,Honda,Dio,2017,1.667706820558076
644,Colombo,5.0,25000,2024,Honda,Dio,2018,1.791759469228055
645,Nittambuwa,5.1,35000,2024,Honda,Dio,2018,1.8082887711792655
646,Moneragala,4.45,46000,2024,Honda,Dio,2016,1.6956156086751528
647,Kegalle,4.8,34000,2024,Honda,Dio,2015,1.7578579175523736
649,Anuradapura,6.45,40000,2024,Honda,Dio,2019,2.0082140323914683
651,Kurunegala,4.3,39000,2024,Honda,Dio,2016,1.667706820558076
653,Anuradapura,4.45,42000,2024,Honda,Dio,2016,1.6956156086751528
654,Galle,4.6,60000,2024,Honda,Dio,2016,1.7227665977411035
657,Balangoda,5.35,20858,2024,Honda,Dio,2018,1.8484548129046001
658,Kalutara,5.25,38000,2024,Honda,Dio,2017,1.8325814637483102
659,Gampaha,4.25,25000,2024,Honda,Dio,2015,1.6582280766035324
660,Polonnaruwa,4.43,25500,2024,Honda,Dio,2017,1.691939133945844
661,Polonnaruwa,4.45,23500,2024,Honda,Dio,2017,1.6956156086751528
663,Marawila,5.25,40000,2024,Honda,Dio,2017,1.8325814637483102
665,Colombo,5.25,35000,2024,Honda,Dio,2018,1.8325814637483102
666,Anuradapura,5.85,33000,2024,Honda,Dio,2019,1.9242486522741338
667,Kurunegala,5.25,26500,2024,Honda,Dio,2018,1.8325814637483102
671,Kurunegala,4.35,12345,2024,Honda,Dio,2016,1.6770965609079151
673,Polonnaruwa,5.2,30000,2024,Honda,Dio,2017,1.824549292051046
675,Embilipitiya,3.5,38000,2024,Honda,Dio,2013,1.5040773967762742
676,Gampaha,3.68,35700,2024,Honda,Dio,2014,1.5432981099295553
677,Matara,6.5,46000,2024,Honda,Dio,2020,2.0149030205422647
678,Mirigama,5.15,38500,2024,Honda,Dio,2018,1.8164520818184267
680,Negombo,3.65,52800,2024,Honda,Dio,2013,1.536867219599265
687,Moneragala,4.0,38000,2024,Honda,Dio,2014,1.6094379124341003
688,Piliyandala,4.2,23000,2024,Honda,Dio,2015,1.6486586255873816
689,Galle,5.0,30000,2024,Honda,Dio,2017,1.791759469228055
690,Embilipitiya,4.5,35000,2024,Honda,Dio,2014,1.7047480922384253
691,Minuwangoda,5.7,93000,2024,Honda,Dio,2019,1.9021075263969205
693,Colombo,4.25,25000,2024,Honda,Dio,2015,1.6582280766035324
695,Chilaw,5.7,35000,2024,Honda,Dio,2020,1.9021075263969205
698,Gampaha,4.35,37500,2024,Honda,Dio,2016,1.6770965609079151
699,Gampaha,5.25,30490,2024,Honda,Dio,2018,1.8325814637483102
701,Gampaha,5.25,31000,2024,Honda,Dio,2018,1.8325814637483102
705,Minuwangoda,5.95,26000,2024,Honda,Dio,2019,1.9387416595767009
706,Minuwangoda,6.0,25000,2024,Honda,Dio,2019,1.9459101490553132
708,Matara,4.5,66000,2024,Honda,Dio,2016,1.7047480922384253
709,Horana,3.75,26612,2024,Honda,Dio,2013,1.55814461804655
711,Gampaha,5.25,31990,2024,Honda,Dio,2018,1.8325814637483102
712,Kurunegala,4.6,35288,2024,Honda,Dio,2017,1.7227665977411035
715,Kandy,5.45,50000,2024,Honda,Dio,2018,1.864080130807681
717,Ratnapura,5.0,50000,2024,Honda,Dio,2018,1.791759469228055
720,Moneragala,4.65,31460,2024,Honda,Dio,2017,1.7316555451583497
721,Kadawatha,3.8,26000,2024,Honda,Dio,2013,1.5686159179138452
722,Kalutara,2.85,45000,2024,Honda,Dio,2012,1.3480731482996928
731,Chilaw,5.82,19000,2024,Honda,Dio,2020,1.9198594718553708
733,Negombo,3.6,39000,2024,Honda,Dio,2012,1.5260563034950492
737,Colombo,4.22,35000,2024,Honda,Dio,2016,1.6524974018945473
741,Gampaha,4.85,19900,2024,Honda,Dio,2017,1.766441661243765
746,Chilaw,5.82,19000,2024,Honda,Dio,2019,1.9198594718553708
749,Kurunegala,5.5,58000,2024,Honda,Dio,2018,1.8718021769015913
750,Kurunegala,6.0,13000,2024,Honda,Dio,2018,1.9459101490553132
752,Ambalangoda,1.49,41000,2024,Honda,Dio,2010,0.9122827104766162
753,Matale,4.95,36000,2023,Honda,Dio,2018,1.7833912195575383
754,Chilaw,5.87,19000,2023,Honda,Dio,2019,1.927164106234258
761,Matara,5.0,27000,2023,Honda,Dio,2017,1.791759469228055
764,Trincomalee,4.2,60000,2023,Honda,Dio,2015,1.6486586255873816
767,Avissawella,1.2,14000,2023,Honda,Dio,2011,0.7884573603642702
768,Kandy,5.35,35400,2023,Honda,Dio,2018,1.8484548129046001
771,Kandy,5.2,15,2023,Honda,Dio,2018,1.824549292051046
773,Minuwangoda,5.45,34976,2023,Honda,Dio,2018,1.864080130807681
774,Ambalangoda,3.8,29355,2023,Honda,Dio,2014,1.5686159179138452
777,Minuwangoda,5.45,25234,2023,Honda,Dio,2018,1.864080130807681
786,Chilaw,5.42,21000,2023,Honda,Dio,2019,1.8594181177018698
787,Ratnapura,2.3,14500,2023,Honda,Dio,2012,1.1939224684724346
789,Gampaha,5.05,31000,2023,Honda,Dio,2018,1.80005827204275
794,Gampaha,5.05,29100,2023,Honda,Dio,2018,1.80005827204275
795,Gampaha,5.55,27302,2023,Honda,Dio,2018,1.8794650496471605
796,Colombo,4.0,14971,2023,Honda,Dio,2015,1.6094379124341003
797,Colombo,4.25,30970,2023,Honda,Dio,2016,1.6582280766035324
798,Kaduwela,1.6,20000,2023,Honda,Dio,2008,0.9555114450274363
801,Matara,5.5,27000,2023,Honda,Dio,2017,1.8718021769015913
803,Piliyandala,2.6,65000,2023,Honda,Dio,2011,1.2809338454620642
805,Malabe,5.65,22365,2023,Honda,Dio,2018,1.8946168546677629
807,Matara,6.5,30000,2023,Honda,Dio,2019,2.0149030205422647
808,Minuwangoda,3.2,30568,2023,Honda,Dio,2013,1.4350845252893227
811,Piliyandala,3.65,6700,2023,Honda,Dio,2015,1.536867219599265
812,Ratnapura,4.5,30000,2023,Honda,Dio,2017,1.7047480922384253
815,Pannala,4.75,41000,2023,Honda,Dio,2018,1.749199854809259
817,Kottawa,4.97,37000,2023,Honda,Dio,2018,1.7867469274045107
819,Kottawa,4.72,28000,2023,Honda,Dio,2017,1.7439688053917064
827,Chilaw,5.23,27500,2023,Honda,Dio,2018,1.8293763327993617
828,Galle,3.63,30000,2023,Honda,Dio,2015,1.5325568680981427
829,Anuradapura,5.5,32000,2023,Honda,Dio,2018,1.8718021769015913
833,Gampaha,4.1,34000,2023,Honda,Dio,2016,1.62924053973028
835,Gampaha,4.75,34602,2023,Honda,Dio,2017,1.749199854809259
838,Colombo,4.15,35000,2023,Honda,Dio,2016,1.6389967146756448
839,Gampaha,5.65,26650,2023,Honda,Dio,2019,1.8946168546677629
840,Gampaha,5.05,29000,2023,Honda,Dio,2018,1.80005827204275
841,Gampaha,5.65,27100,2023,Honda,Dio,2019,1.8946168546677629
844,Malabe,5.3,23652,2023,Honda,Dio,2018,1.840549633397487
852,Colombo,4.15,35000,2023,Honda,Dio,2016,1.6389967146756448
853,Colombo,4.1,34000,2023,Honda,Dio,2016,1.62924053973028
855,Gampaha,5.65,27120,2023,Honda,Dio,2019,1.8946168546677629
856,Gampaha,4.85,34620,2023,Honda,Dio,2017,1.766441661243765
857,Battaramulla,4.2,26422,2023,Honda,Dio,2015,1.6486586255873816
859,Gampaha,5.65,26650,2023,Honda,Dio,2019,1.8946168546677629
861,Gampaha,4.2,38000,2023,Honda,Dio,2016,1.6486586255873816
863,Gampaha,3.23,65000,2023,Honda,Dio,2014,1.4422019930581866
871,Kurunegala,4.1,39750,2023,Honda,Dio,2016,1.62924053973028
873,Divulapitiya,4.95,50000,2023,Honda,Dio,2018,1.7833912195575383
875,Malabe,3.95,91000,2023,Honda,Dio,2015,1.599387576580599
876,Colombo,4.15,45900,2023,Honda,Dio,2016,1.6389967146756448
879,Kandy,4.4,79694,2023,Honda,Dio,2016,1.6863989535702288
882,Gampaha,5.65,26650,2023,Honda,Dio,2019,1.8946168546677629
883,Dankotuwa,3.2,50000,2023,Honda,Dio,2012,1.4350845252893227
885,Kalutara,5.1,35000,2023,Honda,Dio,2018,1.8082887711792655
886,Malabe,5.65,23652,2023,Honda,Dio,2019,1.8946168546677629
887,Malabe,5.65,21632,2023,Honda,Dio,2019,1.8946168546677629
890,Polonnaruwa,4.75,55000,2023,Honda,Dio,2017,1.749199854809259
892,Anuradapura,5.6,29000,2023,Honda,Dio,2017,1.8870696490323797
895,Polonnaruwa,4.4,37000,2023,Honda,Dio,2017,1.6863989535702288
903,Gampaha,4.2,45000,2023,Honda,Dio,2016,1.6486586255873816
906,Gampaha,4.6,45000,2023,Honda,Dio,2018,1.7227665977411035
908,Kurunegala,4.4,25543,2023,Honda,Dio,2017,1.6863989535702288
910,Anuradapura,6.0,22000,2023,Honda,Dio,2020,1.9459101490553132
913,Polonnaruwa,2.35009,65009,2023,Honda,Dio,2011,1.208987211147741
918,Kilinochchi,5.25,25000,2023,Honda,Dio,2017,1.8325814637483102
919,Dompe,4.18,31000,2023,Honda,Dio,2017,1.6448050562713916
921,Kottawa,4.95,32800,2023,Honda,Dio,2018,1.7833912195575383
924,Malabe,5.65,21632,2023,Honda,Dio,2020,1.8946168546677629
925,Colombo,5.8,23000,2023,Honda,Dio,2019,1.916922612182061
926,Kurunegala,5.2,70000,2023,Honda,Dio,2017,1.824549292051046
927,Kurunegala,4.3,46070,2023,Honda,Dio,2016,1.667706820558076
931,Gampaha,5.05,31000,2023,Honda,Dio,2018,1.80005827204275
933,Malabe,5.65,23652,2023,Honda,Dio,2019,1.8946168546677629
934,Piliyandala,4.45,45000,2023,Honda,Dio,2018,1.6956156086751528
935,Gampaha,5.05,31000,2023,Honda,Dio,2018,1.80005827204275
936,Gampaha,5.05,32200,2023,Honda,Dio,2018,1.80005827204275
937,Moneragala,5.4,30880,2023,Honda,Dio,2018,1.8562979903656263
940,Ratnapura,5.5,41000,2023,Honda,Dio,2019,1.8718021769015913
941,Gampaha,5.75,21900,2023,Honda,Dio,2020,1.9095425048844386
943,Chilaw,4.95,32000,2023,Honda,Dio,2018,1.7833912195575383
945,Kurunegala,3.1,25000,2023,Honda,Dio,2012,1.410986973710262
946,Anuradapura,3.8,62800,2023,Honda,Dio,2015,1.5686159179138452
947,Gampaha,5.05,31000,2023,Honda,Dio,2018,1.80005827204275
948,Gampaha,5.05,32000,2023,Honda,Dio,2018,1.80005827204275
949,Dehiwala-Mount-Lavinia,4.7,33000,2023,Honda,Dio,2017,1.7404661748405046
952,Anuradapura,6.1,22000,2023,Honda,Dio,2020,1.9600947840472698
953,Nittambuwa,5.9,35000,2023,Honda,Dio,2019,1.9315214116032138
954,Nittambuwa,4.1,52900,2023,Honda,Dio,2015,1.62924053973028
957,Pannipitiya,5.9,27411,2023,Honda,Dio,2020,1.9315214116032138
960,Malabe,4.75,27863,2023,Honda,Dio,2017,1.749199854809259
961,Kurunegala,4.95,16000,2023,Honda,Dio,2018,1.7833912195575383
962,Malabe,5.25,23822,2023,Honda,Dio,2018,1.8325814637483102
967,Gampaha,5.65,26650,2023,Honda,Dio,2019,1.8946168546677629
968,Ja-Ela,4.2,31000,2023,Honda,Dio,2016,1.6486586255873816
969,Gampaha,5.05,31000,2023,Honda,Dio,2018,1.80005827204275
970,Gampaha,5.05,32200,2023,Honda,Dio,2018,1.80005827204275
972,Nawala,3.5,48000,2023,Honda,Dio,2014,1.5040773967762742
974,Kandy,5.25,22000,2023,Honda,Dio,2018,1.8325814637483102
976,Avissawella,4.1,32000,2023,Honda,Dio,2016,1.62924053973028
978,Kadawatha,5.3,50000,2023,Honda,Dio,2018,1.840549633397487
979,Kurunegala,5.4,22000,2023,Honda,Dio,2018,1.8562979903656263
980,Kurunegala,4.68,31000,2023,Honda,Dio,2017,1.7369512327330598
981,Matale,4.25,22000,2023,Honda,Dio,2015,1.6582280766035324
982,Kurunegala,4.5,20000,2023,Honda,Dio,2017,1.7047480922384253
984,Gampaha,5.05,31000,2023,Honda,Dio,2018,1.80005827204275
985,Gampaha,4.25,48000,2023,Honda,Dio,2016,1.6582280766035324
986,Gampaha,3.95,38200,2023,Honda,Dio,2015,1.599387576580599
988,Malabe,4.75,21563,2023,Honda,Dio,2017,1.749199854809259
989,Kurunegala,4.6,26253,2023,Honda,Dio,2017,1.7227665977411035
991,Gampaha,5.3,33000,2023,Honda,Dio,2018,1.840549633397487
995,Kandy,4.95,28000,2023,Honda,Dio,2018,1.7833912195575383
996,Hambantota,4.3,1,2023,Honda,Dio,2016,1.667706820558076
999,Malabe,5.6,21532,2023,Honda,Dio,2019,1.8870696490323797
1000,Bandaragama,1.3,2222,2023,Honda,Dio,2016,0.832909122935104
1003,Hambantota,3.45,34000,2023,Honda,Dio,2014,1.4929040961781488
1006,Matara,5.45,39600,2023,Honda,Dio,2018,1.864080130807681
1008,Kurunegala,4.1,55000,2023,Honda,Dio,2013,1.62924053973028
1014,Kuliyapitiya,4.15,33000,2023,Honda,Dio,2016,1.6389967146756448
1019,Piliyandala,5.95,24550,2023,Honda,Dio,2019,1.9387416595767009
1020,Chilaw,4.72,23000,2023,Honda,Dio,2017,1.7439688053917064
1021,Chilaw,5.6,19777,2023,Honda,Dio,2018,1.8870696490323797
1025,Kalutara,4.5,51325,2023,Honda,Dio,2017,1.7047480922384253
1029,Gampaha,4.25,48440,2023,Honda,Dio,2016,1.6582280766035324
1030,Moneragala,5.15,38000,2023,Honda,Dio,2018,1.8164520818184267
1031,Gampaha,3.95,43870,2023,Honda,Dio,2015,1.599387576580599
1032,Gampaha,5.05,29030,2023,Honda,Dio,2018,1.80005827204275
1033,Gampaha,4.15,37990,2023,Honda,Dio,2016,1.6389967146756448
1037,Hambantota,5.15,27000,2023,Honda,Dio,2018,1.8164520818184267
1040,Negombo,4.35,37000,2023,Honda,Dio,2017,1.6770965609079151
1041,Hikkaduwa,5.35,37000,2023,Honda,Dio,2019,1.8484548129046001
1043,Ampara,5.1,17288,2023,Honda,Dio,2018,1.8082887711792655
1047,Matara,3.8,60000,2023,Honda,Dio,2015,1.5686159179138452
1049,Kaduwela,4.5,43225,2023,Honda,Dio,2017,1.7047480922384253
1051,Gampaha,5.65,26656,2023,Honda,Dio,2019,1.8946168546677629
1053,Gampaha,4.25,48000,2023,Honda,Dio,2016,1.6582280766035324
1054,Gampaha,5.05,31000,2023,Honda,Dio,2018,1.80005827204275
1055,Gampaha,4.0,46000,2023,Honda,Dio,2015,1.6094379124341003
1057,Ja-Ela,4.28,40900,2023,Honda,Dio,2017,1.6639260977181702
1060,Weligama,4.25,28000,2023,Honda,Dio,2016,1.6582280766035324
1064,Kottawa,4.96,35000,2023,Honda,Dio,2018,1.7850704810772584
1067,Hikkaduwa,4.25,37000,2023,Honda,Dio,2016,1.6582280766035324
1069,Anuradapura,5.5,40000,2023,Honda,Dio,2019,1.8718021769015913
1071,Malabe,4.75,21532,2023,Honda,Dio,2017,1.749199854809259
1072,Colombo,4.2,40000,2023,Honda,Dio,2017,1.6486586255873816
1074,Chilaw,4.87,25000,2023,Honda,Dio,2018,1.7698546338400052
1076,Kandy,3.95,42000,2023,Honda,Dio,2016,1.599387576580599
1077,Anuradapura,4.2,25000,2023,Honda,Dio,2016,1.6486586255873816
1079,Kuliyapitiya,5.35,45000,2023,Honda,Dio,2019,1.8484548129046001
1080,Katunayake,4.05,34119,2023,Honda,Dio,2016,1.6193882432872684
1082,Matugama,4.4,55300,2023,Honda,Dio,2017,1.6863989535702288
1086,Katunayake,4.15,49360,2023,Honda,Dio,2016,1.6389967146756448
1093,Anuradapura,4.25,16660,2023,Honda,Dio,2016,1.6582280766035324
1095,Ja-Ela,4.18,31000,2023,Honda,Dio,2016,1.6448050562713916
1096,Hambantota,2.3,31458,2023,Honda,Dio,2012,1.1939224684724346
1099,Kurunegala,4.85,61000,2023,Honda,Dio,2018,1.766441661243765
1101,Ambalangoda,2.95,60000,2023,Honda,Dio,2012,1.3737155789130306
1105,Bandaragama,4.4,44676,2023,Honda,Dio,2017,1.6863989535702288
1108,Kalutara,4.1,49106,2023,Honda,Dio,2015,1.62924053973028
1109,Matara,3.95,47000,2023,Honda,Dio,2015,1.599387576580599
1110,Gampola,3.85,65000,2023,Honda,Dio,2015,1.5789787049493917
1113,Kuliyapitiya,3.58,49750,2023,Honda,Dio,2014,1.5216989981260935
1116,Batticaloa,5.2,30000,2023,Honda,Dio,2018,1.824549292051046
1118,Gampaha,5.05,31020,2023,Honda,Dio,2018,1.80005827204275
1124,Dehiwala-Mount-Lavinia,4.85,35000,2023,Honda,Dio,2018,1.766441661243765
1130,Ratnapura,4.1,32400,2023,Honda,Dio,2016,1.62924053973028
1131,Dambulla,4.25,34000,2023,Honda,Dio,2016,1.6582280766035324
1132,Malabe,5.55,19632,2023,Honda,Dio,2019,1.8794650496471605
1134,Ambalangoda,4.65,212,2023,Honda,Dio,2017,1.7316555451583497
1135,Ja-Ela,5.7,27000,2023,Honda,Dio,2019,1.9021075263969205
1144,Mirigama,5.25,30000,2023,Honda,Dio,2019,1.8325814637483102
1148,Kalutara,3.3,49000,2023,Honda,Dio,2014,1.4586150226995167
1149,Kurunegala,4.6,2568,2023,Honda,Dio,2017,1.7227665977411035
1150,Kurunegala,4.9,256,2023,Honda,Dio,2018,1.7749523509116738
1154,Minuwangoda,4.95,44000,2023,Honda,Dio,2018,1.7833912195575383
1157,Kelaniya,5.3,53000,2023,Honda,Dio,2018,1.840549633397487
1158,Kaduwela,4.08,52300,2023,Honda,Dio,2017,1.6253112615903906
1159,Chilaw,4.73,23000,2023,Honda,Dio,2017,1.7457155307266483
1160,Trincomalee,5.75,12000,2023,Honda,Dio,2019,1.9095425048844386
1163,Polgahawela,4.25,23000,2023,Honda,Dio,2017,1.6582280766035324
1165,Bandarawela,4.6,45664,2023,Honda,Dio,2017,1.7227665977411035
1166,Maharagama,1.15,12345,2023,Honda,Dio,2012,0.7654678421395714
1169,Kandy,3.3,43544,2023,Honda,Dio,2013,1.4586150226995167
1171,Malabe,5.1,24632,2023,Honda,Dio,2018,1.8082887711792655
1172,Malabe,5.25,26352,2023,Honda,Dio,2018,1.8325814637483102
1174,Boralesgamuwa,1.55,12345,2023,Honda,Dio,2009,0.9360933591703349
1175,Kuliyapitiya,4.15,42655,2023,Honda,Dio,2015,1.6389967146756448
1181,Kurunegala,3.7,38000,2023,Honda,Dio,2013,1.547562508716013
1182,Malabe,5.6,29352,2023,Honda,Dio,2019,1.8870696490323797
1186,Gampaha,4.0,46000,2023,Honda,Dio,2016,1.6094379124341003
1187,Gampaha,4.3,48000,2023,Honda,Dio,2016,1.667706820558076
1188,Divulapitiya,4.23,34000,2023,Honda,Dio,2017,1.6544112780768316
1190,Gampaha,5.65,19000,2023,Honda,Dio,2019,1.8946168546677629
1193,Gampaha,4.3,39000,2023,Honda,Dio,2016,1.667706820558076
1194,Gampaha,3.75,48100,2023,Honda,Dio,2014,1.55814461804655
1195,Badulla,5.2,42000,2023,Honda,Dio,2018,1.824549292051046
1197,Colombo,4.1,92160,2023,Honda,Dio,2017,1.62924053973028
1198,Matara,3.0,63200,2023,Honda,Dio,2012,1.3862943611198906
1199,Polonnaruwa,1.65,53677,2023,Honda,Dio,2008,0.9745596399981308
1200,Gampaha,4.0,46120,2023,Honda,Dio,2015,1.6094379124341003
1201,Kurunegala,4.35,40000,2023,Honda,Dio,2015,1.6770965609079151
1202,Kuliyapitiya,4.3,58000,2023,Honda,Dio,2016,1.667706820558076
1208,Gampaha,4.9,32500,2023,Honda,Dio,2018,1.7749523509116738
1209,Kottawa,4.95,34000,2023,Honda,Dio,2018,1.7833912195575383
1212,Galle,4.7,65000,2023,Honda,Dio,2017,1.7404661748405046
1224,Beruwala,3.0,45000,2023,Honda,Dio,2012,1.3862943611198906
1225,Kandy,3.95,53000,2023,Honda,Dio,2015,1.599387576580599
1241,Malabe,5.25,26395,2023,Honda,Dio,2018,1.8325814637483102
1246,Malabe,5.85,24532,2023,Honda,Dio,2020,1.9242486522741338
1247,Ja-Ela,4.85,21008,2023,Honda,Dio,2018,1.766441661243765
1251,Ambalangoda,4.15,23569,2023,Honda,Dio,2016,1.6389967146756448
1252,Kurunegala,1.25,31820,2023,Honda,Dio,2013,0.8109302162163288
1254,Puttalam,4.15,17000,2023,Honda,Dio,2016,1.6389967146756448
1258,Malabe,5.9,24852,2023,Honda,Dio,2020,1.9315214116032138
1261,Kurunegala,4.25,6000,2023,Honda,Dio,2016,1.6582280766035324
1267,Negombo,3.9,30000,2023,Honda,Dio,2013,1.589235205116581
1269,Colombo,4.55,34000,2023,Honda,Dio,2017,1.713797927758343
1270,Gampaha,4.0,46700,2023,Honda,Dio,2015,1.6094379124341003
1272,Gampaha,4.95,16000,2023,Honda,Dio,2018,1.7833912195575383
1273,Gampaha,4.3,47600,2023,Honda,Dio,2016,1.667706820558076
1274,Gampaha,3.75,48100,2023,Honda,Dio,2014,1.55814461804655
1275,Kaduwela,4.15,56320,2023,Honda,Dio,2017,1.6389967146756448
1276,Gampaha,4.3,33600,2023,Honda,Dio,2016,1.667706820558076
1277,Kurunegala,4.75,41000,2023,Honda,Dio,2017,1.749199854809259
1278,Gampaha,5.05,30000,2023,Honda,Dio,2018,1.80005827204275
1279,Kaduwela,4.4,33120,2023,Honda,Dio,2017,1.6863989535702288
1280,Kurunegala,4.0,61923,2023,Honda,Dio,2015,1.6094379124341003
1286,Eheliyagoda,5.25,33000,2023,Honda,Dio,2018,1.8325814637483102
1287,Hambantota,5.0,38000,2023,Honda,Dio,2018,1.791759469228055
1288,Gampaha,4.15,37000,2023,Honda,Dio,2016,1.6389967146756448
1290,Kandy,5.6,30000,2023,Honda,Dio,2018,1.8870696490323797
1292,Matara,3.15,78600,2023,Honda,Dio,2012,1.423108334242607
1293,Beruwala,5.25,34000,2023,Honda,Dio,2018,1.8325814637483102
1295,Gampaha,4.0,46700,2023,Honda,Dio,2015,1.6094379124341003
1297,Gampaha,5.05,39000,2023,Honda,Dio,2018,1.80005827204275
1298,Gampaha,5.65,19000,2023,Honda,Dio,2019,1.8946168546677629
1299,Kuliyapitiya,5.28,40000,2023,Honda,Dio,2018,1.8373699804801074
1304,Bandaragama,5.69,41253,2023,Honda,Dio,2019,1.900613874140137
1305,Katunayake,3.45,12345,2023,Honda,Dio,2013,1.4929040961781488
1306,Ratnapura,3.55,38500,2023,Honda,Dio,2014,1.5151272329628591
1308,Galle,6.0,71000,2023,Honda,Dio,2014,1.9459101490553132
1311,Gampaha,3.4,29000,2023,Honda,Dio,2013,1.4816045409242156
1312,Dehiwala-Mount-Lavinia,4.75,56000,2023,Honda,Dio,2018,1.749199854809259
1313,Elpitiya,3.4,56000,2023,Honda,Dio,2013,1.4816045409242156
1315,Gampaha,4.65,35600,2023,Honda,Dio,2017,1.7316555451583497
1316,Gampaha,4.95,16000,2023,Honda,Dio,2018,1.7833912195575383
1318,Hambantota,2.3,35478,2023,Honda,Dio,2012,1.1939224684724346
1319,Gampaha,4.3,39000,2023,Honda,Dio,2016,1.667706820558076
1322,Matara,4.45,35233,2023,Honda,Dio,2017,1.6956156086751528
1323,Jaffna,6.67,19500,2023,Honda,Dio,2019,2.0373166153791646
1325,Embilipitiya,3.95,49000,2023,Honda,Dio,2015,1.599387576580599
1329,Galle,3.68,65000,2023,Honda,Dio,2015,1.5432981099295553
1332,Anuradapura,5.25,72120,2023,Honda,Dio,2018,1.8325814637483102
1335,Kandy,4.3,42561,2023,Honda,Dio,2017,1.667706820558076
1337,Gampaha,5.88,24220,2023,Honda,Dio,2019,1.9286186519452522
1338,Kottawa,4.88,31000,2023,Honda,Dio,2018,1.7715567619105355
1341,Panadura,3.9,22342,2023,Honda,Dio,2015,1.589235205116581
1343,Gampaha,4.3,39000,2023,Honda,Dio,2016,1.667706820558076
1345,Kurunegala,1.65,31864,2023,Honda,Dio,2013,0.9745596399981308
1346,Gampaha,3.75,48000,2023,Honda,Dio,2014,1.55814461804655
1347,Gampaha,5.05,29000,2023,Honda,Dio,2018,1.80005827204275
1354,Beruwala,5.45,42000,2023,Honda,Dio,2018,1.864080130807681
1355,Bandarawela,5.45,35000,2023,Honda,Dio,2018,1.864080130807681
1357,Colombo,5.9,32000,2023,Honda,Dio,2019,1.9315214116032138
1359,Gampaha,3.85,46000,2023,Honda,Dio,2015,1.5789787049493917
1360,Anuradapura,5.1,67000,2023,Honda,Dio,2018,1.8082887711792655
1364,Negombo,3.8,38450,2023,Honda,Dio,2014,1.5686159179138452
1366,Ratnapura,5.45,31319,2023,Honda,Dio,2020,1.864080130807681
1368,Matara,3.78,34000,2023,Honda,Dio,2016,1.5644405465033644
1371,Wattala,3.98,29000,2023,Honda,Dio,2016,1.6054298910365616
1372,Avissawella,4.55,35000,2023,Honda,Dio,2017,1.713797927758343
1373,Panadura,4.76,28000,2023,Honda,Dio,2017,1.7509374747078
1374,Embilipitiya,5.2,33200,2023,Honda,Dio,2018,1.824549292051046
1375,Kaduwela,4.25,72100,2023,Honda,Dio,2017,1.6582280766035324
1376,Kegalle,3.85,60000,2023,Honda,Dio,2016,1.5789787049493917
1379,Colombo,4.5,30000,2023,Honda,Dio,2017,1.7047480922384253
1383,Polgahawela,5.1,24000,2023,Honda,Dio,2018,1.8082887711792655
1384,Kuliyapitiya,5.65,18000,2023,Honda,Dio,2019,1.8946168546677629
1391,Dehiwala-Mount-Lavinia,5.35,33800,2023,Honda,Dio,2019,1.8484548129046001
1392,Gampaha,3.75,39000,2023,Honda,Dio,2014,1.55814461804655
1393,Colombo,5.78,46000,2023,Honda,Dio,2019,1.9139771019523042
1396,Gampaha,4.6,35000,2023,Honda,Dio,2017,1.7227665977411035
1398,Gampaha,4.4,38000,2023,Honda,Dio,2017,1.6863989535702288
1399,Kegalle,5.5,24000,2023,Honda,Dio,2019,1.8718021769015913
1401,Nugegoda,3.4,43000,2023,Honda,Dio,2014,1.4816045409242156
1402,Galle,4.15,24815,2023,Honda,Dio,2017,1.6389967146756448
1404,Ja-Ela,3.55,110,2023,Honda,Dio,2014,1.5151272329628591
1407,Ratnapura,4.7,41000,2023,Honda,Dio,2018,1.7404661748405046
1410,Colombo,6.2,14257,2023,Honda,Dio,2020,1.9740810260220096
1411,Bandarawela,4.6,27000,2023,Honda,Dio,2017,1.7227665977411035
1413,Kandy,4.95,28000,2023,Honda,Dio,2018,1.7833912195575383
1414,Divulapitiya,3.95,50000,2023,Honda,Dio,2016,1.599387576580599
1415,Chilaw,4.83,25000,2023,Honda,Dio,2017,1.763017000362401
1418,Batticaloa,5.85,22300,2023,Honda,Dio,2019,1.9242486522741338
1425,Matugama,5.75,19100,2023,Honda,Dio,2020,1.9095425048844386
1427,Gampaha,4.95,16000,2023,Honda,Dio,2018,1.7833912195575383
1428,Anuradapura,3.85,46000,2023,Honda,Dio,2015,1.5789787049493917
1429,Kaduwela,5.5,40000,2023,Honda,Dio,2019,1.8718021769015913
1432,Ratnapura,4.1,32400,2023,Honda,Dio,2016,1.62924053973028
1434,Balangoda,4.95,21000,2023,Honda,Dio,2018,1.7833912195575383
1435,Ja-Ela,5.5,25000,2023,Honda,Dio,2019,1.8718021769015913
1438,Gampaha,5.05,31000,2023,Honda,Dio,2018,1.80005827204275
1439,Gampaha,5.05,29000,2023,Honda,Dio,2018,1.80005827204275
1440,Matara,3.85,52000,2023,Honda,Dio,2015,1.5789787049493917
1445,Matara,5.1,1234,2023,Honda,Dio,2018,1.8082887711792655
1446,Kurunegala,5.35,44680,2023,Honda,Dio,2018,1.8484548129046001
1447,Wennappuwa,4.0,27500,2023,Honda,Dio,2016,1.6094379124341003
1448,Gampaha,4.25,40000,2023,Honda,Dio,2016,1.6582280766035324
1449,Colombo,3.95,20000,2023,Honda,Dio,2016,1.599387576580599
1452,Horana,4.1,41000,2023,Honda,Dio,2016,1.62924053973028
1455,Kurunegala,4.8,50000,2023,Honda,Dio,2018,1.7578579175523736
1457,Kandy,1.9,45000,2023,Honda,Dio,2010,1.0647107369924282
1458,Colombo,1.95,45000,2023,Honda,Dio,2011,1.0818051703517284
1459,Colombo,4.2,48000,2023,Honda,Dio,2017,1.6486586255873816
1460,Kottawa,4.95,32000,2023,Honda,Dio,2018,1.7833912195575383
1462,Colombo,4.45,25000,2023,Honda,Dio,2017,1.6956156086751528
1463,Colombo,4.1,24000,2023,Honda,Dio,2015,1.62924053973028
1465,Colombo,4.1,25000,2023,Honda,Dio,2015,1.62924053973028
1466,Kiribathgoda,5.0,26000,2023,Honda,Dio,2017,1.791759469228055
1468,Kaduwela,5.75,18000,2023,Honda,Dio,2020,1.9095425048844386
1470,Kaduwela,4.25,26000,2023,Honda,Dio,2015,1.6582280766035324
1471,Kaduwela,4.6,21000,2023,Honda,Dio,2017,1.7227665977411035
1476,Gampaha,5.05,32000,2023,Honda,Dio,2018,1.80005827204275
1477,Gampaha,4.95,35000,2023,Honda,Dio,2018,1.7833912195575383
1478,Gampaha,4.95,46000,2023,Honda,Dio,2015,1.7833912195575383
1479,Gampaha,5.05,30000,2023,Honda,Dio,2018,1.80005827204275
1480,Gampaha,5.05,31132,2023,Honda,Dio,2018,1.80005827204275
1482,Mawanella,4.1,62322,2023,Honda,Dio,2016,1.62924053973028
1484,Wattala,4.7,10000,2023,Honda,Dio,2016,1.7404661748405046
1487,Maharagama,3.55,41000,2023,Honda,Dio,2014,1.5151272329628591
1489,Gampaha,5.55,24000,2023,Honda,Dio,2018,1.8794650496471605
1495,Piliyandala,4.5,15500,2023,Honda,Dio,2017,1.7047480922384253
1496,Nuwara-Eliya,5.2,24800,2023,Honda,Dio,2018,1.824549292051046
1497,Colombo,4.1,24000,2023,Honda,Dio,2015,1.62924053973028
1499,Malabe,4.1,29000,2023,Honda,Dio,2017,1.62924053973028
1501,Colombo,4.4,24000,2023,Honda,Dio,2017,1.6863989535702288
1502,Kandy,1.8,11111,2023,Honda,Dio,2011,1.0296194171811581
1506,Piliyandala,3.35,32000,2023,Honda,Dio,2013,1.4701758451005926
1507,Gampaha,4.25,47142,2023,Honda,Dio,2016,1.6582280766035324
1508,Gampaha,3.95,46000,2023,Honda,Dio,2015,1.599387576580599
1509,Gampaha,3.95,46700,2023,Honda,Dio,2015,1.599387576580599
1510,Kaduwela,5.5,44000,2023,Honda,Dio,2019,1.8718021769015913
1511,Kurunegala,5.5,45000,2023,Honda,Dio,2019,1.8718021769015913
1515,Anuradapura,4.4,68200,2023,Honda,Dio,2017,1.6863989535702288
1517,Embilipitiya,3.6,44000,2023,Honda,Dio,2014,1.5260563034950492
1518,Gampaha,4.9,43000,2023,Honda,Dio,2017,1.7749523509116738
1521,Gampaha,4.1,40000,2023,Honda,Dio,2016,1.62924053973028
1522,Gampaha,5.55,24000,2023,Honda,Dio,2019,1.8794650496471605
1523,Gampaha,4.0,45000,2023,Honda,Dio,2015,1.6094379124341003
1524,Gampaha,5.65,19000,2023,Honda,Dio,2019,1.8946168546677629
1525,Gampaha,4.2,40000,2023,Honda,Dio,2016,1.6486586255873816
1526,Gampaha,4.25,47142,2023,Honda,Dio,2016,1.6582280766035324
1527,Gampaha,3.95,46000,2023,Honda,Dio,2015,1.599387576580599
1532,Balangoda,4.35,30800,2023,Honda,Dio,2017,1.6770965609079151
1533,Anuradapura,3.85,42356,2023,Honda,Dio,2014,1.5789787049493917
1537,Gampaha,5.6,29000,2023,Honda,Dio,2020,1.8870696490323797
1539,Matara,3.35,71300,2023,Honda,Dio,2014,1.4701758451005926
1545,Malabe,5.5,23582,2023,Honda,Dio,2018,1.8718021769015913
1546,Malabe,4.0,34582,2023,Honda,Dio,2016,1.6094379124341003
1548,Gampaha,4.1,48000,2023,Honda,Dio,2015,1.62924053973028
1549,Gampaha,4.2,40200,2023,Honda,Dio,2016,1.6486586255873816
1550,Matara,4.88,27000,2023,Honda,Dio,2016,1.7715567619105355
1551,Chilaw,5.28,22000,2023,Honda,Dio,2019,1.8373699804801074
1552,Balangoda,3.75,30200,2023,Honda,Dio,2015,1.55814461804655
1553,Polonnaruwa,1.7,54000,2023,Honda,Dio,2011,0.9932517730102833
1557,Ja-Ela,5.1,30452,2023,Honda,Dio,2018,1.8082887711792655
1562,Pannipitiya,5.3,59000,2023,Honda,Dio,2018,1.840549633397487
1563,Gampaha,4.3,35000,2023,Honda,Dio,2017,1.667706820558076
1564,Kandy,4.95,28000,2023,Honda,Dio,2018,1.7833912195575383
1565,Chilaw,4.73,24000,2023,Honda,Dio,2017,1.7457155307266483
1566,Gampaha,4.25,48400,2023,Honda,Dio,2016,1.6582280766035324
1571,Galle,5.5,20000,2023,Honda,Dio,2018,1.8718021769015913
1575,Gampaha,4.95,16000,2023,Honda,Dio,2018,1.7833912195575383
1576,Matugama,3.92,63000,2023,Honda,Dio,2016,1.5933085305042167
1577,Gampaha,5.25,21000,2023,Honda,Dio,2018,1.8325814637483102
1578,Gampaha,4.25,47142,2023,Honda,Dio,2016,1.6582280766035324
1579,Gampaha,5.65,19000,2023,Honda,Dio,2019,1.8946168546677629
1580,Gampaha,5.65,24000,2023,Honda,Dio,2020,1.8946168546677629
1582,Mawanella,4.15,42500,2023,Honda,Dio,2016,1.6389967146756448
1584,Malabe,4.0,34528,2023,Honda,Dio,2016,1.6094379124341003
1585,Kurunegala,4.1,39600,2023,Honda,Dio,2015,1.62924053973028
1586,Matara,4.95,1234,2023,Honda,Dio,2017,1.7833912195575383
1587,Mirigama,4.75,22100,2023,Honda,Dio,2018,1.749199854809259
1588,Colombo,3.75,47000,2023,Honda,Dio,2015,1.55814461804655
1589,Kurunegala,4.0,40000,2023,Honda,Dio,2015,1.6094379124341003
1591,Kurunegala,4.1,37500,2023,Honda,Dio,2015,1.62924053973028
1592,Gampaha,4.95,42300,2023,Honda,Dio,2018,1.7833912195575383
1593,Embilipitiya,3.95,29500,2023,Honda,Dio,2015,1.599387576580599
1595,Kurunegala,1.5,27000,2023,Honda,Dio,2019,0.9162907318741551
1596,Kurunegala,5.1,37800,2023,Honda,Dio,2018,1.8082887711792655
1597,Kurunegala,5.6,35600,2023,Honda,Dio,2019,1.8870696490323797
1600,Gampaha,4.0,40000,2023,Honda,Dio,2015,1.6094379124341003
1601,Gampaha,5.25,24000,2023,Honda,Dio,2019,1.8325814637483102
1603,Gampaha,5.65,19000,2023,Honda,Dio,2019,1.8946168546677629
1604,Gampaha,4.1,45000,2023,Honda,Dio,2016,1.62924053973028
1605,Gampaha,4.95,25000,2023,Honda,Dio,2018,1.7833912195575383
1606,Colombo,5.7,26500,2023,Honda,Dio,2019,1.9021075263969205
1607,Gampaha,5.65,24000,2023,Honda,Dio,2019,1.8946168546677629
1608,Colombo,4.1,53600,2023,Honda,Dio,2016,1.62924053973028
1609,Avissawella,3.75,20000,2023,Honda,Dio,2015,1.55814461804655
1610,Avissawella,5.1,1,2023,Honda,Dio,2018,1.8082887711792655
1612,Gampaha,5.65,19000,2023,Honda,Dio,2019,1.8946168546677629
1613,Anuradapura,5.35,21000,2023,Honda,Dio,2018,1.8484548129046001
1616,Colombo,4.45,35400,2023,Honda,Dio,2017,1.6956156086751528
1617,Gampaha,4.2,40200,2023,Honda,Dio,2016,1.6486586255873816
1619,Kurunegala,2.3,8000,2023,Honda,Dio,2012,1.1939224684724346
1622,Gampaha,2.96,48000,2023,Honda,Dio,2012,1.3762440252663892
1624,Panadura,4.0,36000,2023,Honda,Dio,2016,1.6094379124341003
1632,Chilaw,5.5,39000,2023,Honda,Dio,2020,1.8718021769015913
1637,Kalutara,4.4,31454,2023,Honda,Dio,2017,1.6863989535702288
1638,Kalutara,3.1,68,2023,Honda,Dio,2012,1.410986973710262
1641,Polonnaruwa,4.85,38000,2023,Honda,Dio,2017,1.766441661243765
1643,Kurunegala,4.05,31843,2023,Honda,Dio,2016,1.6193882432872684
1644,Moratuwa,3.99,65000,2023,Honda,Dio,2015,1.6074359097634274
1645,Kurunegala,5.1,37580,2023,Honda,Dio,2018,1.8082887711792655
1646,Gampaha,5.25,25000,2023,Honda,Dio,2019,1.8325814637483102
1651,Dompe,4.7,40000,2023,Honda,Dio,2018,1.7404661748405046
1652,Gampaha,5.9,40000,2023,Honda,Dio,2019,1.9315214116032138
1653,Embilipitiya,5.1,27000,2023,Honda,Dio,2018,1.8082887711792655
1655,Gampaha,5.25,21000,2023,Honda,Dio,2018,1.8325814637483102
1657,Minuwangoda,5.48,18000,2023,Honda,Dio,2020,1.8687205103641833
1660,Gampaha,5.65,24000,2023,Honda,Dio,2020,1.8946168546677629
1661,Minuwangoda,5.68,14000,2023,Honda,Dio,2020,1.8991179875485542
1664,Gampaha,4.1,48000,2023,Honda,Dio,2015,1.62924053973028
1665,Kurunegala,3.5,53000,2023,Honda,Dio,2013,1.5040773967762742
1667,Gampaha,5.65,19000,2023,Honda,Dio,2019,1.8946168546677629
1668,Dehiwala-Mount-Lavinia,4.2,35000,2023,Honda,Dio,2016,1.6486586255873816
1669,Bandarawela,4.55,56,2023,Honda,Dio,2017,1.713797927758343
1670,Matara,5.55,24000,2023,Honda,Dio,2019,1.8794650496471605
1674,Matara,4.35,18000,2023,Honda,Dio,2016,1.6770965609079151
1676,Gampaha,4.1,48000,2023,Honda,Dio,2015,1.62924053973028
1678,Gampaha,4.2,40200,2023,Honda,Dio,2016,1.6486586255873816
1681,Gampaha,3.95,43000,2023,Honda,Dio,2015,1.599387576580599
1682,Gampaha,5.55,28455,2023,Honda,Dio,2019,1.8794650496471605
1683,Gampaha,5.1,31466,2023,Honda,Dio,2018,1.8082887711792655
1684,Kalutara,3.75,31777,2023,Honda,Dio,2016,1.55814461804655
1685,Galle,5.4,28000,2023,Honda,Dio,2019,1.8562979903656263
1686,Matara,4.3,17900,2023,Honda,Dio,2017,1.667706820558076
1687,Avissawella,4.78,29000,2023,Honda,Dio,2017,1.7544036826842861
1688,Eheliyagoda,3.8,52000,2023,Honda,Dio,2016,1.5686159179138452
1690,Kurunegala,2.6,26000,2023,Honda,Dio,2016,1.2809338454620642
1691,Gampaha,4.0,46000,2023,Honda,Dio,2015,1.6094379124341003
1692,Gampaha,4.1,48000,2023,Honda,Dio,2016,1.62924053973028
1694,Gampaha,5.65,25000,2023,Honda,Dio,2019,1.8946168546677629
1695,Gampaha,5.05,31000,2023,Honda,Dio,2018,1.80005827204275
1703,Gampaha,3.95,46000,2023,Honda,Dio,2015,1.599387576580599
1710,Kurunegala,3.95,27000,2023,Honda,Dio,2016,1.599387576580599
1712,Bandaragama,5.3,18000,2023,Honda,Dio,2019,1.840549633397487
1714,Kottawa,4.93,28800,2023,Honda,Dio,2018,1.780024213009634
1715,Kottawa,4.63,36000,2023,Honda,Dio,2017,1.728109442151599
1716,Colombo,4.1,25000,2023,Honda,Dio,2015,1.62924053973028
1719,Kurunegala,3.65,60570,2023,Honda,Dio,2014,1.536867219599265
1720,Ratnapura,4.1,32400,2023,Honda,Dio,2016,1.62924053973028
1722,Gampaha,4.95,16800,2023,Honda,Dio,2018,1.7833912195575383
1723,Piliyandala,1.75,32000,2023,Honda,Dio,2012,1.0116009116784799
1724,Gampaha,5.65,24000,2023,Honda,Dio,2019,1.8946168546677629
1725,Gampaha,3.95,40000,2023,Honda,Dio,2015,1.599387576580599
1726,Gampaha,5.65,19000,2023,Honda,Dio,2019,1.8946168546677629
1727,Gampaha,5.55,28455,2023,Honda,Dio,2018,1.8794650496471605
1729,Welisara,4.2,22222,2023,Honda,Dio,2017,1.6486586255873816
1731,Ragama,4.85,19391,2023,Honda,Dio,2017,1.766441661243765
1735,Gampaha,4.95,16000,2023,Honda,Dio,2018,1.7833912195575383
1736,Gampaha,4.25,47000,2023,Honda,Dio,2016,1.6582280766035324
1737,Gampaha,4.1,35000,2023,Honda,Dio,2016,1.62924053973028
1738,Gampaha,3.95,35000,2023,Honda,Dio,2015,1.599387576580599
1743,Ja-Ela,4.2,1111,2023,Honda,Dio,2017,1.6486586255873816
1745,Gampaha,5.55,28455,2023,Honda,Dio,2018,1.8794650496471605
1746,Gampaha,5.65,25000,2023,Honda,Dio,2019,1.8946168546677629
1749,Negombo,4.2,22222,2023,Honda,Dio,2017,1.6486586255873816
1750,Gampaha,3.95,43000,2023,Honda,Dio,2015,1.599387576580599
1751,Gampaha,3.95,40000,2023,Honda,Dio,2015,1.599387576580599
1752,Gampaha,4.1,35000,2023,Honda,Dio,2017,1.62924053973028
1755,Kurunegala,4.0,38000,2023,Honda,Dio,2016,1.6094379124341003
1756,Kurunegala,5.65,19000,2023,Honda,Dio,2019,1.8946168546677629
1757,Gampaha,3.65,50000,2023,Honda,Dio,2014,1.536867219599265
1758,Homagama,4.85,37000,2023,Honda,Dio,2018,1.766441661243765
1759,Matara,4.9,45,2023,Honda,Dio,2018,1.7749523509116738
1761,Pannipitiya,5.3,58000,2023,Honda,Dio,2018,1.840549633397487
1763,Kandy,3.78,27800,2023,Honda,Dio,2016,1.5644405465033644
1766,Ja-Ela,4.25,22222,2023,Honda,Dio,2017,1.6582280766035324
1767,Gampaha,4.95,16000,2023,Honda,Dio,2018,1.7833912195575383
1768,Piliyandala,3.3,42000,2023,Honda,Dio,2013,1.4586150226995167
1769,Piliyandala,5.2,30000,2023,Honda,Dio,2018,1.824549292051046
1770,Piliyandala,5.05,32000,2023,Honda,Dio,2017,1.80005827204275
1771,Gampaha,5.55,28455,2023,Honda,Dio,2018,1.8794650496471605
1774,Colombo,4.2,25000,2023,Honda,Dio,2017,1.6486586255873816
1776,Kandy,3.54,39428,2023,Honda,Dio,2013,1.5129270120532565
1778,Ja-Ela,4.35,1111,2023,Honda,Dio,2017,1.6770965609079151
1779,Matara,5.6,16000,2023,Honda,Dio,2019,1.8870696490323797
1780,Kurunegala,4.35,28563,2023,Honda,Dio,2017,1.6770965609079151
1781,Gampaha,5.55,28455,2023,Honda,Dio,2018,1.8794650496471605
1782,Wennappuwa,3.85,60000,2023,Honda,Dio,2015,1.5789787049493917
1783,Embilipitiya,4.48,41000,2023,Honda,Dio,2017,1.7011051009599243
1785,Hikkaduwa,5.35,36000,2023,Honda,Dio,2018,1.8484548129046001
1787,Malabe,4.0,34525,2023,Honda,Dio,2016,1.6094379124341003
1791,Gampaha,4.0,46000,2023,Honda,Dio,2016,1.6094379124341003
1792,Gampaha,5.1,28000,2023,Honda,Dio,2018,1.8082887711792655
1793,Gampaha,4.0,38000,2023,Honda,Dio,2015,1.6094379124341003
1794,Gampaha,5.55,28000,2023,Honda,Dio,2019,1.8794650496471605
1795,Negombo,5.25,4780,2023,Honda,Dio,2020,1.8325814637483102
1797,Chilaw,5.58,24000,2023,Honda,Dio,2020,1.884034745337226
1798,Chilaw,5.65,55555,2023,Honda,Dio,2018,1.8946168546677629
1801,Ja-Ela,4.3,70000,2023,Honda,Dio,2017,1.667706820558076
1802,Bandaragama,4.7,30000,2023,Honda,Dio,2016,1.7404661748405046
1806,Wennappuwa,5.65,39000,2023,Honda,Dio,2019,1.8946168546677629
1807,Ja-Ela,4.25,70000,2023,Honda,Dio,2017,1.6582280766035324
1809,Gampaha,5.55,24000,2023,Honda,Dio,2018,1.8794650496471605
1810,Gampaha,4.25,48000,2023,Honda,Dio,2016,1.6582280766035324
1811,Kurunegala,4.1,37800,2023,Honda,Dio,2015,1.62924053973028
1812,Kurunegala,5.1,41000,2023,Honda,Dio,2018,1.8082887711792655
1813,Gampaha,4.1,48000,2023,Honda,Dio,2016,1.62924053973028
1815,Gampaha,4.0,46700,2023,Honda,Dio,2015,1.6094379124341003
1816,Gampaha,3.95,46700,2023,Honda,Dio,2016,1.599387576580599
1817,Gampaha,5.1,28180,2023,Honda,Dio,2018,1.8082887711792655
1818,Gampaha,4.95,16800,2023,Honda,Dio,2018,1.7833912195575383
1819,Gampaha,5.55,25000,2023,Honda,Dio,2019,1.8794650496471605
1821,Kandy,4.3,50000,2023,Honda,Dio,2017,1.667706820558076
1824,Colombo,3.785,25300,2023,Honda,Dio,2015,1.5654860249049176
1825,Kurunegala,5.2,23000,2023,Honda,Dio,2019,1.824549292051046
1827,Matara,3.5,37500,2023,Honda,Dio,2013,1.5040773967762742
1829,Anuradapura,5.4,49000,2023,Honda,Dio,2019,1.8562979903656263
1831,Colombo,3.8,48000,2023,Honda,Dio,2015,1.5686159179138452
1832,Bandaragama,5.5,15425,2023,Honda,Dio,2017,1.8718021769015913
1834,Kegalle,4.35,37000,2023,Honda,Dio,2017,1.6770965609079151
1835,Kalutara,5.45,25100,2023,Honda,Dio,2019,1.864080130807681
1836,Kalmunai,6.2,19000,2023,Honda,Dio,2019,1.9740810260220096
1837,Gampaha,5.65,19000,2023,Honda,Dio,2019,1.8946168546677629
1839,Katunayake,4.1,39000,2023,Honda,Dio,2016,1.62924053973028
1843,Hikkaduwa,5.35,36758,2023,Honda,Dio,2018,1.8484548129046001
1844,Katunayake,5.6,28000,2023,Honda,Dio,2019,1.8870696490323797
1847,Ratnapura,4.7,26500,2023,Honda,Dio,2018,1.7404661748405046
1848,Piliyandala,5.85,24000,2023,Honda,Dio,2019,1.9242486522741338
1851,Kelaniya,4.795,42500,2023,Honda,Dio,2018,1.756995476791715
1854,Kurunegala,4.1,38500,2023,Honda,Dio,2015,1.62924053973028
1856,Ambalangoda,4.65,40000,2023,Honda,Dio,2017,1.7316555451583497
1858,Divulapitiya,3.65,79000,2023,Honda,Dio,2014,1.536867219599265
1861,Bandaragama,4.98,32852,2023,Honda,Dio,2018,1.7884205679625405
1862,Bandaragama,4.1,35500,2023,Honda,Dio,2016,1.62924053973028
1863,Katunayake,4.75,37263,2023,Honda,Dio,2017,1.749199854809259
1864,Katunayake,4.85,36169,2023,Honda,Dio,2017,1.766441661243765
1865,Katunayake,5.25,22556,2023,Honda,Dio,2019,1.8325814637483102
1866,Bandaragama,4.98,39680,2023,Honda,Dio,2018,1.7884205679625405
1867,Katunayake,5.85,7488,2023,Honda,Dio,2019,1.9242486522741338
1871,Ja-Ela,3.05,23000,2023,Honda,Dio,2012,1.3987168811184478
1872,Gampaha,3.95,46760,2023,Honda,Dio,2015,1.599387576580599
1873,Piliyandala,5.85,27000,2023,Honda,Dio,2019,1.9242486522741338
1875,Kurunegala,4.1,37800,2023,Honda,Dio,2015,1.62924053973028
1876,Piliyandala,5.2,28000,2023,Honda,Dio,2018,1.824549292051046
1877,Kalutara,5.45,12345,2023,Honda,Dio,2019,1.864080130807681
1879,Gampaha,3.95,45000,2023,Honda,Dio,2015,1.599387576580599
1880,Gampaha,4.75,35000,2023,Honda,Dio,2017,1.749199854809259
1881,Malabe,5.95,19632,2023,Honda,Dio,2020,1.9387416595767009
1883,Matara,4.2,36000,2023,Honda,Dio,2016,1.6486586255873816
1884,Ambalangoda,3.25,48000,2023,Honda,Dio,2012,1.4469189829363254
1885,Colombo,3.64,58085,2023,Honda,Dio,2014,1.534714366238164
1886,Kurunegala,4.8,36000,2023,Honda,Dio,2018,1.7578579175523736
1887,Balangoda,4.6,33,2023,Honda,Dio,2017,1.7227665977411035
1890,Ambalangoda,4.2,61917,2023,Honda,Dio,2016,1.6486586255873816
1891,Gampaha,4.15,48600,2023,Honda,Dio,2017,1.6389967146756448
1894,Anuradapura,5.45,27000,2023,Honda,Dio,2019,1.864080130807681
1895,Pannipitiya,5.45,58000,2023,Honda,Dio,2018,1.864080130807681
1896,Kaduwela,4.85,28000,2023,Honda,Dio,2017,1.766441661243765
1898,Dompe,3.3,1234,2023,Honda,Dio,2013,1.4586150226995167
1901,Piliyandala,5.25,28000,2023,Honda,Dio,2017,1.8325814637483102
1903,Negombo,3.55,29800,2023,Honda,Dio,2015,1.5151272329628591
1904,Kurunegala,4.75,37000,2023,Honda,Dio,2017,1.749199854809259
1905,Kurunegala,4.0,37800,2023,Honda,Dio,2015,1.6094379124341003
1906,Kurunegala,5.1,41500,2023,Honda,Dio,2018,1.8082887711792655
